,ID,Name,Lat,Lon,districtName
0,124,124 CLAUDIO BERNARD-DR. LICEAGA,19.422392,-99.150358,Ampliación Granada
1,159,159 HUATABAMPO-EJE 1 PTE. AV. CUAUHTÉMOC,19.407517,-99.155373,Ampliación Granada
2,241,E241 EJERCITO NAL-JUAN VAZQUEZ DE LA MELLA ,19.43862,-99.20758,Ampliación Granada
3,243,243 MIGUEL DE CERVANTES SAAVEDRA-LAGO FILT ,19.440839,-99.196712,Ampliación Granada
4,350,350 JOSE CLEMENTE OROZCO-CORREGGIO,19.384062,-99.181482,Ampliación Granada
5,445,E445 RIFF-AVENIDA RIO CHURUBUSCO,19.35827,-99.156105,Ampliación Granada
6,463,463 LAGO ANDRÓMACO-LAGO ZURICH,19.442338,-99.202492,Ampliación Granada
7,469,E469 BAHÍA DE LA CONCEPCIÓN-BAHÍA DE TODOS LOS SAN,19.434183,-99.173089,Anzures
8,470,470 BAHÍA DE LAS PALMAS-BAHÍA DE TODOS LOS SANTOS,19.435039,-99.173879,Anzures
9,471,471 BAHÍA DE CHACHALACAS-BAHÍA SANTA BÁRBARA ,19.436287,-99.174888,Anzures
10,472,E472 BAHÍA SANTA BÁRBARA-BAHÍA DE BALLENAS ,19.437667,-99.17711,Anzures
11,473,473 BAHÍA DEL ESPÍRITU SANTO-BAHÍA DE BANDERAS,19.438143,-99.17519,Anzures
12,452,452 LEIBNITZ-AV. EJERCITO NACIONAL,19.435031,-99.179838,Anzures
13,246,246 LEIBNITZ-THIERS,19.434147,-99.179835,Anzures
14,247,E247 HERSCHEL-ROUSSEAU ,19.432276,-99.18064,Anzures
15,248,248 SHAKESPEARE-LAFAYETTE ,19.43175,-99.177399,Anzures
16,249,249 SHAKESPEARE-DARWIN ,19.429877,-99.177569,Anzures
17,250,250 DARWIN-MARIANO ESCOBEDO ,19.429057,-99.17966,Anzures
18,251,251 GOETHE-DARWIN ,19.429261,-99.17538,Anzures
19,252,252 VICTOR HUGO-SHAKESPEARE ,19.427575,-99.17702,Anzures
20,253,253 DANTE-TOLSTOI ,19.425835,-99.177924,Anzures
21,433,433 JOSE MARÍA OLLOQUI-LOPÉZ COSTILLA,19.363558,-99.170819,Acacias
22,434,E434 JOSE MARÍA OLLOQUI-AMORES,19.363741,-99.171268,Acacias
23,423,423 MORAS-JOSÉ MARÍA RICO (EJE 8),19.367631,-99.175342,Acacias
24,436,436 RODRIGUEZ SARO-BUFALLO,19.366217,-99.177819,Acacias
25,437,437 MORAS-COMUNAL,19.36480833,-99.17602222,Acacias
26,438,438 ADOLFO PRIETO-JOSÉ MARÍA OLLOQUI,19.36479722,-99.17458333,Acacias
27,439,439 AMORES-AVENIDA COYOACÁN,19.36218889,-99.17246667,Acacias
28,420,420 MARÍA LUZ BRINGAS-OSO,19.369723,-99.17964,Actipan
29,421,421 MARÍA LUZ BRINGAS-OSO,19.369467,-99.179401,Actipan
30,422,422 BUFALO-JOSÉ MARÍA RICO (EJE 8),19.368356,-99.177487,Actipan
31,416,416 RECREO-PARROQUÍA,19.371308,-99.177607,Actipan
32,479,E479 LAGO MURITZ-AV. MARINA NACIONAL,19.444433,-99.179664,Anáhuac Mariano Escobedo
33,480,480 LAGO ISEO-AV. MARINA NACIONAL,19.446073,-99.181654,Anáhuac Mariano Escobedo
34,464,E464 MATEO ALEMÁN-PROLONGACIÓN MOLIERE ,19.442421,-99.199838,Ampliación Granada
35,333,333 GEORGIA -CAROLINA,19.387624,-99.180978,Ampliación Nápoles
36,349,349 AUGUSTO RODIN-AVENIDA SAN ANTONIO,19.385688,-99.180857,Ampliación Nápoles
37,326,326 EUGENIA-NEBRASKA,19.388978,-99.174811,Ampliación Nápoles
38,466,466  LAGO ONEGA-LAGO LADOGA,19.44269,-99.19083,Anáhuac Dos Lagos
39,474,474 BAHÍA DE SAN HIPÓLITO-BAHÍA DEL ESPÍRITU SANTO,19.438984,-99.177549,Anáhuac I
40,475,475 LAGO MURITZ-LAGO ALBERTO,19.439249,-99.181065,Anáhuac I
41,477,477 LAGO ISEO-LAGUNA DE MAYRÁN ,19.440905,-99.181743,Anáhuac I
42,478,478 LAGUNA DE MAYRÁN-LAGO CHALCO,19.440818,-99.176961,Anáhuac I
43,468,468 LAGO XOCHIMILCO-AV. EJÉRCITO NACIONAL,19.4366022,-99.1796833,Anáhuac I
44,264,264 HÉROES FERROCARRILEROS-AV. CENTRAL,19.440985,-99.152935,Buenavista
45,265,265 HÉROES FERROCARRILEROS-JESÚS GARCIA,19.440839,-99.152265,Buenavista
46,266,266 AV. JESÚS GARCIA-CARLOS J. MENESES ,19.444031,-99.152187,Buenavista
47,267,267 AV. JESÜS GARCÏA-CARLOS J. MENESES,19.443735,-99.152203,Buenavista
48,268,268 LUIS DONALDO COLOSIO-AV.JESÚS GARCÍA ,19.442467,-99.151658,Buenavista
49,269,269 LUIS DONALDO COLOSIO-ALDAMA ,19.442448,-99.151586,Buenavista
50,271,271 AV. CENTRAL-J. MENESES ,19.443928,-99.152525,Buenavista
51,272,272 AV. CENTRAL-J. MENESES ,19.443556,-99.152556,Buenavista
52,273,273 LUIS DONALDO COLOSIO-AV. CENTRAL,19.442707,-99.152956,Buenavista
53,274,274 LUIS DONALDO COLOSIO-AV INSURGENTES NORTE ,19.442772,-99.153289,Buenavista
54,275,275 HÉROES FERROCARRILEROS-AV. INSURGENTES NORTE,19.441062,-99.153164,Buenavista
55,176,176 AV. JESÜS GARCÏA-LUIS DONALDO COLOSIO,19.442689,-99.152286,Buenavista
56,347,347 PENNSYLVANIA-MAXIMINO AVILA CAMACHO,19.384378,-99.176097,Ciudad de los Deportes
57,353,353 CAROLINA-HOLBEIN,19.382168,-99.178808,Ciudad de los Deportes
58,362,362 AUGUSTO RODIN-ALBERTO BALDERAS,19.382207,-99.181043,Ciudad de los Deportes
59,363,363 HOLBEIN-PAULO UCELLO,19.380813,-99.183851,Ciudad de los Deportes
60,260,E260 AV JUAREZ-BALDERAS ,19.435354,-99.147742,Centro
61,262,262 REPUBLICA DE CUBA-REPUBLICA DE BRASIL ,19.43693,-99.13395,Centro
62,87,87 GANTE-VENUSTIANO CARRANZA,19.43182,-99.13974,Centro
63,88,88 2A CDA 5 DE MAYO-PALMA,19.433815,-99.135303,Centro
64,89,89 REPUBLICA DE GUATEMALA-MONTE DE PIEDAD,19.434946,-99.133989,Centro
65,90,90 JOSE MARIA PINO SUAREZ-CORREGIDORA,19.431698,-99.132446,Centro
66,91,91 REPUBLICA DE CUBA-ALLENDE,19.4374,-99.137571,Centro
67,92,92 SAN ILDEFONSO-REPUBLICA DE ARGENTINA,19.436531,-99.131497,Centro
68,93,93 PALMA NORTE-REPUBLICA DE CUBA,19.436741,-99.134811,Centro
69,94,94 LIC. VERDAD-MONEDA,19.433766,-99.130918,Centro
70,95,95 20 DE NOVIEMBRE-VENUSTIANO CARRANZA,19.430722,-99.133698,Centro
71,96,96 LOPEZ-AYUNTAMIENTO,19.430625,-99.14248,Centro
72,97,97 REPUBLICA DE SALVADOR-PINO SUAREZ,19.429189,-99.132759,Centro
73,98,98 EMILIO DONDE-AV. BALDERAS,19.430267,-99.14861,Centro
74,99,99 ERNESTO PUGIBET-LUIS MOYA,19.42995,-99.14591,Centro
75,100,100 20 DE NOVIEMBRE-MESONES,19.428485,-99.1338,Centro
76,101,101 1ER. CALLEJÓN DE MESONES-MESONES,19.428366,-99.135895,Centro
77,102,102 ECHEVESTE-BOLIVAR,19.42821,-99.13949,Centro
78,104,104 SAN JERONIMO-ISABEL LA CATOLICA,19.427059,-99.137116,Centro
79,105,105 SAN JERONIMO-5 DE FEBRERO,19.426755,-99.135014,Centro
80,106,106 SAN JERONIMO-JOSE MARIA PINO SUAREZ,19.42649,-99.133537,Centro
81,107,107 TOLSA-BALDERAS,19.427329,-99.149971,Centro
82,108,E108 TOLSA-BALDERAS,19.427305,-99.149533,Centro
83,109,109 NEZAHUALCOYOTL-ISABEL LA CATOLICA,19.425311,-99.137421,Centro
84,29,29 REFORMA-BUCARELI,19.434913,-99.149939,Centro
85,43,43 JUAREZ-REVILLAGIGEDO,19.435228,-99.146063,Centro
86,48,48 INDEPENDENCIA-AZUETA,19.433686,-99.146557,Centro
87,52,52 HIDALGO-TRUJANO,19.436236,-99.142039,Centro
88,55,55 5 DE MAYO-BOLIVAR,19.434356,-99.138064,Centro
89,65,65 MARCONI-TACUBA,19.436142,-99.139906,Centro
90,82,82 INDEPENDENCIA-MARROQUI,19.433115,-99.143686,Centro
91,192,192 RUBEN DARIO-REFORMA,19.42592,-99.190755,Bosque de Chapultepec
92,193,193 RUBEN DARIO-REFORMA,19.425907,-99.190733,Bosque de Chapultepec
93,194,194 CTO MAHATMA GANDHI-AV. PASEO DE LA REFORMA,19.424282,-99.180334,Bosque de Chapultepec
94,195,195 AV. PASEO DE LA REFORMA-CTO MAHATMA GANDHI,19.424926,-99.185147,Bosque de Chapultepec
95,62,62 FERNANDO MONTES DE OCA-AMATLAN,19.413322,-99.175202,Condesa
96,63,63 NUEVO LEON- LAREDO,19.413681,-99.171531,Condesa
97,67,67 VICENTE SUAREZ-MICHOACAN,19.411797,-99.17588,Condesa
98,68,68 TAMAULIPAS-MICHOACAN,19.411556,-99.17406,Condesa
99,53,53 FERNANDO MONTES DE OCA-TULA,19.414773,-99.178433,Condesa
100,54,54 PARQUE ESPAÑA-SONORA,19.416215,-99.170825,Condesa
101,57,57 CUERNAVACA-JUAN ESCUTIA,19.414903,-99.17495,Condesa
102,58,58 PARQUE ESPAÑA-JUAN DE LA BARRERA,19.415680000000002,-99.171793,Condesa
103,60,60 MAZATLAN-FERNANDO MONTES DE OCA,19.414191,-99.177123,Condesa
104,49,49 MAZATLAN-JUAN DE LA BARRERA,19.416712,-99.175704,Condesa
105,50,50 CUERNAVACA-VERACRUZ,19.416938,-99.173648,Condesa
106,447,447 AGUSTÍN MELGAR-ZAMORA,19.418858,-99.176776,Condesa
107,4,4 RIO NILO-RIO PANUCO,19.428309,-99.171713,Cuauhtémoc
108,5,5 RIO PANUCO-RIO TIBER,19.42972,-99.169363,Cuauhtémoc
109,6,6 RIO PANUCO-RIO SENA,19.430922,-99.166959,Cuauhtémoc
110,7,7 RIO ELBA-RIO LERMA,19.425468,-99.175166,Cuauhtémoc
111,1,1 RIO SENA-RIO BALSAS,19.4335714,-99.1678091,Cuauhtémoc
112,2,2 RIO GUADALQUIVIR-RIO BALSAS,19.431386,-99.171695,Cuauhtémoc
113,9,9 RIO GUADALQUIVIR-RIO LERMA,19.428009,-99.169918,Cuauhtémoc
114,11,11 RIO AMAZONAS-RIO LERMA,19.430992,-99.163593,Cuauhtémoc
115,12,12 RIO LERMA-VILLALONGIN,19.432313,-99.161597,Cuauhtémoc
116,13,13 REFORMA-RIO MISSISSIPPI,19.42502,-99.17231,Cuauhtémoc
117,14,14 REFORMA-RIO DE PLATA,19.424768,-99.173261,Cuauhtémoc
118,15,15 REFORMA-RIO MISSISSIPPI,19.425477,-99.171567,Cuauhtémoc
119,16,16 REFORMA-RÍO TIBER,19.427226,-99.168242,Cuauhtémoc
120,17,17 REFORMA-RIO TIBER,19.427501,-99.167125,Cuauhtémoc
121,18,18 REFORMA-RIO RHIN,19.42888,-99.164176,Cuauhtémoc
122,19,19 REFORMA-RIO RHIN,19.429241,-99.163377,Cuauhtémoc
123,20,20 REFORMA-RIO TAMESIS,19.430964,-99.160206,Cuauhtémoc
124,257,E257 MANUEL MARIA CONTRERAS-VILLALONGIN ,19.4338,-99.16622,Cuauhtémoc
125,465,465 LAGUNA DE GINEBRA-LAGO WETTER,19.445039,-99.194078,Cuauhtémoc Pensil
126,448,448 DR. ANDRADE - ARCOS DE BELÉN,19.426611,-99.14447,Doctores
127,122,122 JOSE MARIA VERTIZ-AV.DR. RIO DE LA LOZA,19.425502,-99.146337,Doctores
128,123,123 CLAUDIO BERNARD-DR. LAVISTA,19.424161,-99.153117,Doctores
129,110,110 DR. VALENZUELA-DR. RÍO DE LA LOZA,19.42513,-99.14339,Doctores
130,298,298 ROMERO DE TERREROS-GABRIEL MANCERA,19.394073,-99.16214,Del Valle Centro
131,299,299 ROMERO DE TERREROS-MIER Y PESADO,19.394601,-99.165054,Del Valle Centro
132,300,E300 PROVIDENCIA -LUZ SAVIÑON,19.393268,-99.168333,Del Valle Centro
133,301,301 LUZ SAVIÑÓN-MAGDALENA,19.393807,-99.171133,Del Valle Centro
134,302,302 LUZ SAVIÑON-MAGDALENA,19.393832,-99.171466,Del Valle Centro
135,291,291 MAGDALENA-DIVISIÓN DEL NORTE,19.397651,-99.169946,Del Valle Centro
136,316,316 SAN FRANCISCO-CONCEPCIÓN BEISTEGUI,19.391056,-99.1712,Del Valle Centro
137,317,317 AVENIDA COYOACÁN-TORRES ADALID,19.391456,-99.166157,Del Valle Centro
138,318,318 LUZ SAVIÑÓN-AMORES,19.392249,-99.164127,Del Valle Centro
139,319,319 DIAGONAL SAN ANTONIO-LUZ SAVIÑON,19.391991,-99.162684,Del Valle Centro
140,372,372 DR. ROBERTO GAYOL-TLACOQUEMECATL,19.37797,-99.170289,Del Valle Centro
141,373,373 PILARES-GABRIEL MANCERA,19.377968,-99.166663,Del Valle Centro
142,377,377 HERIBERTO FRÍAS-MIGUEL LAURENT,19.375394,-99.16375,Del Valle Centro
143,378,378 MIGUEL LAURENT-AMORES,19.375823,-99.168076,Del Valle Centro
144,379,379 DR. ROBERTO GAYOL-MIGUEL LAURENT,19.375751,-99.17084,Del Valle Centro
145,393,393 ADOLFO PRIETO-FELIX CUEVAS,19.372796,-99.172558,Del Valle Centro
146,356,356 MATIAS ROMERO -ADOLFO PRIETO,19.381292,-99.170171,Del Valle Centro
147,357,357 MATIAS ROMERO -AMORES,19.380598,-99.1669248,Del Valle Centro
148,358,358 NICOLAS SAN JUAN-MATIAS ROMERO ,19.380168,-99.164222,Del Valle Centro
149,359,359 MATIAS ROMERO -PESTALLOZZI,19.379269,-99.161169,Del Valle Centro
150,360,E360 HERIBERTO FRÍAS-MATIAS ROMERO,19.3790279,-99.1628259,Del Valle Centro
151,344,344 HERIBERTO FRÍAS-ANGEL URRAZA EJE 6 SUR,19.382107,-99.162243,Del Valle Centro
152,323,323 CONCEPCIÓN BEISTEGUI-GABRIEL MANCERA,19.389026,-99.163403,Del Valle Centro
153,324,324 AMORES-AVENIDA EUGENIA,19.3872468,-99.1656554,Del Valle Centro
154,325,325 PROVIDENCIA -AVENIDA DEL VALLE,19.3881779,-99.1696894,Del Valle Centro
155,335,335 MAGDALENA-AMEYALCO,19.387003,-99.173504,Del Valle Centro
156,336,336 SAN BORJA-CDA. BARTOLOCHE,19.385531,-99.169673,Del Valle Centro
157,337,337 SAN BORJA-MARTÍN MENLALDE,19.384849,-99.16704,Del Valle Centro
158,338,338 NICOLAS SAN JUAN-SAN BORJA,19.384249,-99.163273,Del Valle Centro
159,292,292 ADOLFO PRIETO-EJE 4 SUR XOLA,19.396917,-99.166264,Del Valle Norte
160,293,293 MIER Y PESADO-EJE 4 SUR XOLA,19.397373,-99.164598,Del Valle Norte
161,294,294 NICOLÁS SAN JUAN-EJE 4 SUR XOLA,19.396513,-99.160924,Del Valle Norte
162,278,278 MIER Y PESADO-OBRERO MUNDIAL,19.40071,-99.163831,Del Valle Norte
163,279,279 LA MORENA-PROVIDENCIA,19.399908,-99.166553,Del Valle Norte
164,282,282 LA MORENA-EJE 2 PONIENTE GABRIEL MANCERA,19.398692,-99.161273,Del Valle Norte
165,283,283 AV. COYOACÁN-RAFAEL DONDE,19.39827,-99.167383,Del Valle Norte
166,394,394 DR. ROBERTO GAYOL-FELIX CUEVAS,19.372437,-99.171592,Del Valle Sur
167,395,395 SAN LORENZO-CALLEJÓN MARTÍN MENLALDE,19.373742,-99.169814,Del Valle Sur
168,396,396 MARTÍN MENLALDE-FELIX CUEVAS,19.371554,-99.170187,Del Valle Sur
169,397,397 SAN LORENZO-GABRIEL MANCERA,19.373194,-99.167247,Del Valle Sur
170,398,398 SANCHEZ AZCONA-FELIX CUEVAS,19.37103,-99.16566,Del Valle Sur
171,399,399 HERIBERTO FRÍAS-SAN LORENZO,19.372407,-99.164519,Del Valle Sur
172,400,400 SAN LORENZO-HERIBERTO FRIAS,19.3726458,-99.1642743,Del Valle Sur
173,435,435 RODRIGUEZ SARO-AVENIDA COYOACÁN,19.365154,-99.172906,Del Valle Sur
174,391,E391 OSO-FELIX CUEVAS,19.373142,-99.178283,Del Valle Sur
175,413,413 PARROQUIA-AVENIDA COYOACÁN,19.369782,-99.171906,Del Valle Sur
176,414,414 PARROQUIA-JOSÉ IGNACIO BARTOLACHE,19.370187,-99.173712,Del Valle Sur
177,415,415 SAN FRANCISCO-PARROQUÍA,19.371498,-99.17602,Del Valle Sur
178,424,424 AMORES-JOSÉ MARÍA RICO (EJE 8),19.367208,-99.170531,Del Valle Sur
179,425,425 NICOLAS SAN JUAN-AVENIDA UNIVERSIDAD,19.367087,-99.16741,Del Valle Sur
180,285,285 12 DE OCTUBRE-MINERIA,19.3997946,-99.1775178,Escandón
181,286,286 13 DE SEPTIEMBRE-AVENIDA PATRIOTISMO,19.399201,-99.179943,Escandón
182,287,287 13 DE SEPTIEMBRE-PUENTE DE LA MORENA,19.398946,-99.183254,Escandón
183,175,E175 MUTUALISMO-JOSÉ MARTí,19.400767,-99.172533,Escandón
184,166,166 PROGRESO-CDA. ANTONIO MACEO,19.406069,-99.183549,Escandón
185,167,167 GENERAL SALVADOR ALVARADO-PROGRESO,19.404651,-99.179375,Escandón
186,168,168 COMERCIO-PROGRESO,19.403997,-99.1776,Escandón
187,169,169 PROSPERIDAD-PROGRESO,19.403019,-99.174934,Escandón
188,170,170 OBSERVATORIO ORIENTE-REVOLUCIÓN,19.404029,-99.184342,Escandón
189,171,171 COMERCIO-JOSE MARTÍ,19.402584,-99.178199,Escandón
190,172,172 GENERAL FRANCISCO MURGUIA-JOSE MARTÍ,19.4034921,-99.1816002,Escandón
191,173,173 MINERÍA-JOSÉ MARTÍ,19.401682,-99.176398,Escandón
192,387,387 CADIZ-EMPRESA,19.37455556,-99.180505555556,Extremadura Insurgentes
193,381,381 SAN LORENZO-MANZANAS,19.375541,-99.177894,Extremadura Insurgentes
194,382,382 SAN LORENZO-AV. INSURGENTES,19.375591,-99.178084,Extremadura Insurgentes
195,383,383 LUIS CARACCI-2DA. LUIS CARACCI,19.375764,-99.181527,Extremadura Insurgentes
196,368,368 PORFIRIO DÍAZ-CINCINATTI ,19.379246,-99.179344,Extremadura Insurgentes
197,428,428 PROLONGACIÓN UXMAL-AV. POPOCATEPETL (EJE 8),19.363418,-99.160353,General Pedro Maria Anaya
198,431,431 BRUNO TRAVEN-PAZ MONTES DE OCA,19.36145,-99.15822,General Pedro Maria Anaya
199,432,432 CARRILLO PUERTO-AV. MÉXICO-COYOACÁN,19.361296,-99.162581,General Pedro Maria Anaya
200,443,443 BRUNO TRAVEN-GOLONDRINAS,19.359655,-99.162025,General Pedro Maria Anaya
201,444,444 GENERAL MANUEL RINCÓN-AGUSTÍN GUTIERREZ,19.359384,-99.159425,General Pedro Maria Anaya
202,446,446 RIFF-AVENIDA RIO CHURUBUSCO,19.3586,-99.156101,General Pedro Maria Anaya
203,467,E467  LAGO MAYOR-LAGO ALBERTO,19.440399,-99.186784,Granada
204,476,476 LAGO COMO-LAGUNA DE MAYRÁN,19.442127,-99.184433,Granada
205,240,240 EJERCITO NACIONAL-F.C. DE CUERNAVACA ,19.43855,-99.2063,Granada
206,199,199 ANATOLE FRANCE-AV. EJERCITO NACIONAL,19.437934,-99.197241,Granada
207,244,244 MIGUEL DE CERVANTES SAAVEDRA-LAGO VICTORIA ,19.440885,-99.193315,Granada
208,245,245 LAGO ONEGA-AV. EJERCITO NACIONAL ,19.43819,-99.19048,Granada
209,242,242 MIGUEL DE CERVANTES SAAVEDRA-PROL MOLIERE ,19.440344,-99.20105,Granada
210,197,197 MIGUEL DE CERVANTES-FC DE CUERNAVACA,19.440077,-99.204316,Granada
211,72,72 MAZATLAN-ALFONSO REYES,19.409893,-99.179544,Hipódromo Condesa
212,73,73 CAMPECHE-TAMAULIPAS,19.410245,-99.175612,Hipódromo Condesa
213,177,177 BENJAMIN HILL-CARLOS ZETINA,19.408841,-99.181692,Hipódromo Condesa
214,178,178 TAMAULIPAS-FRANCISCO MURGUÍA,19.406833,-99.180457,Hipódromo Condesa
215,66,66 MAZATLAN-FRANCISCO MARQUEZ,19.411402,-99.178666,Hipódromo Condesa
216,75,75 ALFONSO REYES-ATLIXCO,19.408722,-99.17669,Hipódromo Condesa
217,76,76 CHILPANCINGO-CAMPECHE,19.408736,-99.169913,Hipódromo
218,77,77 CHOAPAN-TAMAULIPAS,19.406765,-99.178321,Hipódromo
219,78,78 BENJAMIN HILL-TAMAULIPAS,19.407503,-99.177382,Hipódromo
220,79,79 SALTILLO-ALFONSO REYES,19.407534,-99.174427,Hipódromo
221,80,80 NUEVO LEON-AGUASCALIENTES,19.407307,-99.172118,Hipódromo
222,81,81 AGUASCALIENTES-INSURGENTES,19.408006,-99.168475,Hipódromo
223,83,83 NUEVO LEON-ALFONSO REYES,19.406296,-99.172117,Hipódromo
224,84,84 CHILPANCINGO-TLAXCALA,19.40702,-99.169587,Hipódromo
225,64,64 SONORA-AMSTERDAM,19.412877,-99.166986,Hipódromo
226,69,69 MICHOACAN-AMSTERDAM,19.410733,-99.168111,Hipódromo
227,70,70 PARQUE MEXICO-MICHOACAN,19.411272,-99.169718,Hipódromo
228,71,71 AMSTERDAM-MICHOACAN,19.411423,-99.171351,Hipódromo
229,61,61 AVENIDA MEXICO-SONORA,19.413742,-99.169525,Hipódromo
230,59,59 POPOCATEPETL-AMSTERDAM,19.415121,-99.166661,Hipódromo
231,179,179 NUEVO LEÓN-QUINTANA ROO,19.404452,-99.171438,Hipódromo
232,180,180 QUINTANA ROO-VILLA HERMOSA,19.404554,-99.169953,Hipódromo
233,181,181 BENJAMIN FRANKLIN-OMETUSCO,19.40472,-99.17448,Hipódromo
234,182,182 PROGRESO-ASTRONOMOS,19.402089,-99.17139,Hipódromo
235,74,74 NUEVO LEON-OZULAMA,19.410343,-99.172831,Hipódromo
236,384,384 EMPRESA-POUSSIN,19.375873,-99.185583,Insurgentes Mixcoac
237,385,385 POUSSIN-EMPRESA,19.375651,-99.18558,Insurgentes Mixcoac
238,386,386 POUSSIN-DONATELLO,19.37484,-99.185846,Insurgentes Mixcoac
239,388,388 VALENCIA-MALAGA,19.373038,-99.181355,Insurgentes Mixcoac
240,417,417 GOYA-AUGUSTO RODÍN,19.373262,-99.184333,Insurgentes Mixcoac
241,418,418 GALICIA-ACTIPAN,19.371152,-99.183034,Insurgentes Mixcoac
242,419,419 ACTIPAN-CADIZ,19.370606,-99.181502,Insurgentes Mixcoac
243,460,460 JUAN VÁZQUEZ DE MELLA-HOMERO,19.437014,-99.207932,Irrigación
244,461,461 PRESA DON MARTÍN-BOULEVARD MIGUEL DE CERVANTES,19.440106,-99.210031,Irrigación
245,462,462 PRESA FALCÓN-DANXHÓ,19.442338,-99.205198,Irrigación
246,355,355 CALIFORNIA-SACRAMENTO,19.38205,-99.173291,Insurgentes San Borja
247,345,345 MIRAFLORES-PATRICIO SANZ,19.384498,-99.172223,Insurgentes San Borja
248,346,346 SAN FRANCISCO-SANTA MARGARITA,19.385019,-99.174077,Insurgentes San Borja
249,361,361 PORFIRIO DÍAZ-CAPULÍN,19.380709,-99.17508,Insurgentes San Borja
250,261,261 PASEO DE LA REFORMA - RÍO DE LA PLATA,19.42495,-99.17246,Juárez
251,21,21 REFORMA-DUBLIN,19.42472,-99.17206,Juárez
252,22,22 REFORMA-MANCHESTER,19.424375,-99.172575,Juárez
253,23,23 REFORMA-PRAGA,19.42517,-99.17105,Juárez
254,24,24 REFORMA-VARSOVIA,19.42647,-99.16822,Juárez
255,25,25 REFORMA-ESTOCOLMO,19.427317,-99.166662,Juárez
256,26,26 REFORMA-VERSALLES,19.432685,-99.154726,Juárez
257,27,27 REFORMA-HAVRE,19.429115,-99.162614,Juárez
258,28,28 TOLEDO-TOKIO,19.423542,-99.172494,Juárez
259,3,3 REFORMA-INSURGENTES,19.431655,-99.158668,Juárez
260,8,8 REFORMA-GENERAL PRIM,19.431141,-99.158317,Juárez
261,30,30 HAMBURGO-GENOVA,19.426442,-99.164323,Juárez
262,31,31 HAMBURGO-INSURGENTES,19.427838,-99.161193,Juárez
263,32,32 LONDRES-SEVILLA,19.422705,-99.169922,Juárez
264,33,E33 LONDRES-FLORENCIA,19.424234,-99.166431,Juárez
265,34,34 LIVERPOOL-GENOVA,19.424725,-99.163331,Juárez
266,35,35 LIVERPOOL-GENOVA,19.424674,-99.163292,Juárez
267,112,112 AV. MORELOS-ABRAHAM GONZALEZ,19.432819,-99.151734,Juárez
268,113,113 GENERAL PRIM-VERSALLES,19.430369,-99.154419,Juárez
269,114,114 LUCERNA-ABRAHAM GONZALEZ ,19.428989,-99.153618,Juárez
270,115,115 ROMA-DINAMARCA ,19.429947,-99.159698,Juárez
271,116,116 LONDRES-ROMA,19.428985,-99.15664,Juárez
272,117,117 LONDRES-NAPOLES ,19.427132,-99.160369,Juárez
273,118,118 LIVERPOOL-DINAMARCA,19.427114,-99.158251,Juárez
274,119,119 TURÍN-ABRAHAM GONZÁLEZ,19.42679,-99.15554,Juárez
275,120,120 MARSELLA-NAPOLES,19.425437,-99.159458,Juárez
276,121,121 NIZA-CHAPULTEPEC,19.424137,-99.161317,Juárez
277,457,E457 AV. PRADO NORTE-EXPLANADA,19.42703,-99.212845,Lomas de Chapultepec Sección V
278,454,E454 MONTES URALES-MONTE PELVOUX,19.425905,-99.204236,Lomas de Chapultepec Sección V
279,455,455 PEDREGAL-FERROCARRIL DE CUERNAVACA,19.426308,-99.203302,Lomas de Chapultepec Sección V
280,456,456 ALPES-MONTES ESCANDINAVOS,19.427517,-99.208412,Lomas de Chapultepec Sección III
281,458,458 MONTES URALES-VOLCÁN,19.428679,-99.206605,Lomas de Chapultepec Sección III
282,459,E459 VOLCÁN-MONTES URALES,19.429243,-99.207267,Lomas de Chapultepec Sección III
283,404,404 MIGUEL LAURENT-AVENIDA DIVISIÓN DEL NORTE,19.373813,-99.157387,Letran Valle
284,405,405 DIVISIÓN DEL NORTE-MUNICIPIO LIBRE,19.370619,-99.156626,Letran Valle
285,374,374 PITÁGORAS-PILARES,19.376964,-99.161116,Letran Valle
286,375,375 TENAYUCA-DIVISIÓN DEL NORTE,19.376865,-99.158818,Letran Valle
287,376,376 PITÁGORAS-AV. UNIVERSIDAD,19.375442,-99.161595,Letran Valle
288,453,453 PEDREGAL-TEAPA,19.424842,-99.203739,Molino del Rey
289,334,334 NUEVA YORK-AV. INSURGENTES,19.386568,-99.175089,Nápoles
290,348,348 INDIANA-AVENIDA SAN ANTONIO,19.385365,-99.178216,Nápoles
291,313,313 PENNSYLVANIA-OKLAHOMA,19.391431,-99.178989,Nápoles
292,314,314 NUERVA YORK-LOUISIANA,19.391647,-99.177331,Nápoles
293,315,315 ALABAMA-MONTANA,19.391472,-99.1736,Nápoles
294,327,E327 GEORGIA -PENNSYLVANIA,19.38885,-99.17772,Nápoles
295,284,284 DAKOTA-VERMONT,19.397693,-99.172981,Nápoles
296,289,289 CHICAGO-YOSEMITE,19.397308,-99.174548,Nápoles
297,290,290 YOSEMITE-COLORADO,19.396333,-99.172667,Nápoles
298,303,303 MONTESITO-AV. INSURGENTES,19.394842,-99.173025,Nápoles
299,304,304 MONTESITO-DAKOTA,19.395043,-99.173821,Nápoles
300,305,305 AVENIDA DEL PARQUE-ARIZONA,19.394693,-99.175531,Nápoles
301,306,306 DAKOTA-FILADELFIA,19.393699,-99.175664,Nápoles
302,307,307 MINESOTA-DAKOTA,19.393701,-99.175834,Nápoles
303,308,308 NUEVA YORK-ARIZONA,19.393594,-99.178072,Nápoles
304,309,309 PENNSYLVANIA-ARIZONA,19.393162,-99.17956,Nápoles
305,295,295 ANAXÁGORAS-EJE 4 SUR XOLA,19.396328,-99.156871,Narvarte Poniente
306,296,E296 DIAGONAL SAN ANTONIO-ENRIQUE RÉBSAMEN,19.394283,-99.158756,Narvarte Poniente
307,297,297 DIAGONAL SAN ANTONIO-ENRIQUE RÉBSAMEN,19.394412,-99.158907,Narvarte Poniente
308,320,320 ENRIQUE RÉBSAMEN-LUZ SAVIÑON,19.391323,-99.15936,Narvarte Poniente
309,321,321 TORRES ADALID-ANAXÁGORAS,19.389477,-99.157513,Narvarte Poniente
310,322,322 HERIBERTO FRÍAS-CONCEPCIÓN BEISTEGUI,19.388528,-99.160616,Narvarte Poniente
311,280,280 ANAXÁGORAS-OBRERO MUNDIAL,19.4015,-99.156406,Narvarte Poniente
312,281,281 PITÁGORAS-LA MORENA,19.398532,-99.157308,Narvarte Poniente
313,339,339 ENRIQUE RÉBSAMEN-AVENIDA EUGENIA,19.386032,-99.160548,Narvarte Poniente
314,340,340 ANAXÁGORAS-AVENIDA EUGENIA,19.385571,-99.158188,Narvarte Poniente
315,341,341 SAN BORJA-AVENIDA CUAUHTEMOC,19.382851,-99.158204,Narvarte Poniente
316,342,342 ANAXÁGORAS-ANGEL URRAZA EJE 6 SUR,19.381076,-99.159455,Narvarte Poniente
317,343,343 ENRIQUE RÉBSAMEN-DIVISIÓN DEL NORTE,19.384099,-99.160826,Narvarte Poniente
318,354,354 BOSTON-AV. INSURGENTES,19.381665,-99.176685,Noche Buena
319,369,369 PORFIRIO DÍAZ-AV. INSURGENTES,19.379884,-99.177478,Noche Buena
320,366,366 PORFIRIO DÍAZ-AUGUSTO RODÍN,19.378345,-99.181973,Noche Buena
321,367,367 BOSTON -AUGUSTO RODÍN,19.37946,-99.181632,Noche Buena
322,276,276 ANAXÁGORAS-OBRERO MUNDIAL,19.401986,-99.156366,Piedad Narvarte
323,277,277 AMPLIACIÓN TONALÁ-OBRERO MUNDIAL,19.401807,-99.15909,Piedad Narvarte
324,36,36 PUEBLA-VERACRUZ,19.419725,-99.175778,Piedad Narvarte
325,198,198 SÓCRATES-EJERCITO NACIONAL ,19.438168,-99.203888,Polanco
326,196,196 LAGO TANGANICA-AV. EJERCITO NACIONAL,19.438349,-99.192904,Polanco
327,200,200 EMERSON-AV. EJERCITO NACIONAL,19.437596,-99.188785,Polanco
328,201,201 LOPE DE VEGA-EJERCITO NACIONAL ,19.437431,-99.187215,Polanco
329,202,202 CALDERON DE LA BARCA-AV. HOMERO,19.4362368,-99.1988982,Polanco
330,203,203 TENNYSON-AV. HOMERO,19.435985,-99.194832,Polanco
331,204,204 TEMISTOCLES-HOMERO,19.435882,-99.19152,Polanco
332,205,205 TAINE-HOMERO,19.435525,-99.184713,Polanco
333,206,206 MOLIERE-HOMERO ,19.435798,-99.201419,Polanco
334,207,207 TASSO-HOMERO ,19.434861,-99.183322,Polanco
335,208,208 HESIODO-LAMARTINE ,19.434182,-99.189835,Polanco
336,209,209 SOLON-HORACIO ,19.435478,-99.206359,Polanco
337,210,210 EUGENIO SUE-HORACIO ,19.434076,-99.194091,Polanco
338,211,211 NEWTON-HORACIO,19.433607,-99.188528,Polanco
339,212,212 HEGEL-HORACIO ,19.433567,-99.188096,Polanco
340,213,213 SOLÓN-CICERÓN,19.43432,-99.20632,Polanco
341,214,214 PLATÓN-HORACIO,19.434353,-99.20322,Polanco
342,215,215 EDGAR ALAN POE-HORACIO,19.43384,-99.19968,Polanco
343,216,216 ALEJANDRO DUMAS-HORACIO ,19.433419,-99.195746,Polanco
344,217,217 EULER-AV. HORACIO ,19.432888,-99.183605,Polanco
345,218,218 HEGEL-IBARBOUROU ,19.432451,-99.188033,Polanco
346,219,219 ESOPO-FC DE CUERNAVACA,19.433542,-99.207808,Polanco
347,220,220 PLINIO-PRESIDENTE MASARYK ,19.432655,-99.205727,Polanco
348,221,221 EMILIO CASTELAR-PRESIDENTE MASARYK ,19.431799,-99.201565,Polanco
349,222,E222 ALEJANDRO DUMAS-PRESIDENTE MASARYK,19.431417,-99.195774,Polanco
350,223,223 NEWTON-PRESIDENTE MASARYK ,19.431242,-99.191613,Polanco
351,224,224 HEGEL-PRESIDENTE MASARYK,19.431255,-99.188065,Polanco
352,225,225 PETRARCA-PRESIDENTE MASARYK,19.431172,-99.185612,Polanco
353,226,226 WALLON-PRESIDENTE MASARYK,19.431033,-99.18222,Polanco
354,227,227 CAMPOS ELÍSEOS-PERIFÉRICO,19.431791,-99.207373,Polanco
355,228,228 CAMPOS ELÍSEOS-JEAN DE LA FONTAINE,19.427705,-99.19912,Polanco
356,229,229 DICKENS-SENECA,19.430515,-99.203331,Polanco
357,230,230 EDGAR ALAN POE-DICKENS,19.430098,-99.200074,Polanco
358,231,231 NEWTON-ARISTOTELES ,19.42977,-99.19349,Polanco
359,232,232 TAINE-RUBEN DARÍO ,19.42894,-99.185389,Polanco
360,233,233 JULIO VERNE-LUIS G. URBINA ,19.429314,-99.196965,Polanco
361,234,234 TRES PICOS-ARQUÍMIDES ,19.42783,-99.191539,Polanco
362,235,235 CAMPOS ELISEOS-MOLIERE ,19.42933,-99.20218,Polanco
363,236,236 CAMPOS ELISEOS-MOLIERE ,19.42944,-99.20243,Polanco
364,237,237 ANDRÉS BELLO-ELLIOT ,19.426744,-99.193986,Polanco
365,238,238 ANDRÉS BELLO-ELLIOT ,19.426765,-99.193752,Polanco
366,239,239 RINCON DEL BOSQUE-RUBEN DARÍO ,19.430153,-99.181355,Polanco
367,451,451 CAMPOS ELÍSEOS-GOLDSMITH,19.42902,-99.201322,Polanco
368,407,407 PROL. XOCHICALCO-GENERAL EMILIANO ZAPATA,19.367294,-99.158694,Residencial Emperadores
369,408,408 PROLONGACIÓN PETÉN-GENERAL EMILIANO ZAPATA,19.36677,-99.156843,Residencial Emperadores
370,449,E449 ACAPULCO-PUEBLA,19.42018,-99.174393,Roma Norte
371,42,42 SINALOA-VALLADOLID,19.420472,-99.168238,Roma Norte
372,37,37 GUADALAJARA-PUEBLA,19.420419,-99.172676,Roma Norte
373,38,38 COZUMEL-PUEBLA,19.420801,-99.171407,Roma Norte
374,39,39 PUEBLA-MEDELLÍN,19.421759,-99.16694,Roma Norte
375,40,40 OAXACA-PUEBLA,19.42223,-99.164297,Roma Norte
376,56,56 ALVARO OBREGON-MEDELLIN,19.416959,-99.165702,Roma Norte
377,51,51 COLIMA-OAXACA,19.417995,-99.168248,Roma Norte
378,44,44 DURANGO-VERACRUZ,19.418057,-99.174761,Roma Norte
379,45,45 DURANGO-SONORA,19.418649,-99.172127,Roma Norte
380,46,46 DURANGO-SALAMANCA,19.419214,-99.169732,Roma Norte
381,47,47 GLORIETA CIBELES-OAXACA,19.419515,-99.166299,Roma Norte
382,125,125 MORELIA-CIRCULAR DE MORELIA,19.424541,-99.156204,Roma Norte
383,126,126 JALAPA-PUEBLA,19.422288,-99.162138,Roma Norte
384,127,127 PUEBLA-MERIDA,19.423318,-99.15833,Roma Norte
385,128,128 ORIZABA-RIO DE JANEIRO,19.422148,-99.160645,Roma Norte
386,129,129 TONALÁ-DURANGO,19.4206,-99.163312,Roma Norte
387,130,130 MÉRIDA-DURANGO,19.421576,-99.158015,Roma Norte
388,131,131 COLIMA-JALAPA,19.419579,-99.161314,Roma Norte
389,132,132 COLIMA-FRONTERA,19.420667,-99.15645,Roma Norte
390,133,133 COLIMA-MORELIA,19.421138,-99.154725,Roma Norte
391,134,134 ÁLVARO OBREGÓN-ORIZABA,19.418304,-99.15956,Roma Norte
392,135,135 ÁLVARO OBREGÓN-MORELIA,19.419225,-99.155099,Roma Norte
393,136,136 ÁLVARO OBREGÓN-TONALÁ,19.417715,-99.162729,Roma Norte
394,137,137 ÁLVARO OBREGÓN-MÉRIDA,19.418774,-99.157081,Roma Norte
395,138,138 GUANAJUATO-FRONTERA,19.417702,-99.155313,Roma Norte
396,139,E139 TONALÁ-GUANJUATO,19.416128,-99.162097,Roma Norte
397,140,140 MÉRIDA-ZACATECAS,19.416605,-99.156853,Roma Norte
398,141,141 ZACATECAS-LUIS CABRERA,19.415905,-99.15954,Roma Norte
399,142,142 SAN LUIS POTOSI-EJE 2 PTE. MONTERREY,19.413232,-99.164121,Roma Norte
400,143,143 CÓRDOBA-SAN LUIS POTOSÍ,19.414303,-99.157542,Roma Norte
401,144,144 FRONTERA-SAN LUIS POTOSÍ,19.415192,-99.154837,Roma Norte
402,145,145 EJE 2 SUR YUCATÁN-CHIAPAS,19.41286,-99.160661,Roma Norte
403,146,146 COAHUILA-MANZANILLO,19.410737,-99.165716,Roma Norte
404,147,147 COAHUILA-ORIZABA,19.412182,-99.158443,Roma Norte
405,148,148 COAHUILA-AV.CUAUHTEMOC,19.412829,-99.155116,Roma Norte
406,149,149 MÉRIDA-ANTONIO ANZA,19.41199,-99.155699,Roma Norte
407,150,150 CAMPECHE-MEDELLÍN,19.409965,-99.164292,Roma Sur
408,151,151 CAMPECHE-TONALÁ,19.410529,-99.160873,Roma Sur
409,152,152 TLACOTALPAN-CAMPECHE,19.409098,-99.167181,Roma Sur
410,153,153 MANZANILLO-TLAXCALA,19.407468,-99.165141,Roma Sur
411,154,154 TUXPAN-TLAXCALA,19.406683,-99.167962,Roma Sur
412,155,E155 JALAPA-TLAXCALA,19.408218,-99.159911,Roma Sur
413,156,156 TEPIC-ARIO,19.406982,-99.162983,Roma Sur
414,157,157 TEPIC-TLACOTALPAN,19.406236,-99.166616,Roma Sur
415,158,158 HUATABAMPO-EJE 1PTE. CUAUHTÉMOC,19.407447,-99.155717,Roma Sur
416,161,161 QUINTANA ROO-MANZANILLO,19.405533,-99.164913,Roma Sur
417,162,162 TEHUANTEPEC-MEDELLÍN,19.404907,-99.162485,Roma Sur
418,163,163 TOLUCA-BAJÍO,19.405245999999998,-99.156431,Roma Sur
419,164,164 BAJÍO-TLACOTALPAN,19.403204,-99.16596,Roma Sur
420,165,165 BAJÍO-EJE 2 PTE. MONTERREY,19.404268,-99.160503,Roma Sur
421,427,427 AVENIDA MÉXICO-COYOACAN-AV. POPOCATEPETL (EJE ,19.365023,-99.162993,Santa Cruz Atoyac
422,409,409 AZORES-DIVISIÓN DEL NORTE,19.365102,-99.155499,Santa Cruz Atoyac
423,410,410 PROLONGACIÓN TAJÍN-PROLONGACIÓN REPÚBLICAS,19.36564,-99.158063,Santa Cruz Atoyac
424,411,411 PARROQUIA-AVENIDA MÉXICO-COYOACAN,19.367864,-99.163626,Santa Cruz Atoyac
425,412,412 PARROQUIA-AVENIDA UNIVERSIDAD,19.3684182,-99.1654145,Santa Cruz Atoyac
426,406,406 PARROQUIA AV. MEXICO-COYOACAN,19.367831,-99.163261,Santa Cruz Atoyac
427,429,429 PIRINEOS-AV. POPOCATEPETL (EJE 8),19.363071,-99.158292,Santa Cruz Atoyac
428,430,430 TRIPOLI-AV. POPOCATEPETL (EJE 8),19.362139,-99.154974,Santa Cruz Atoyac
429,401,401 SAN LORENZO-AVENIDA CUAUHTEMOC,19.372147,-99.16158,Santa Cruz Atoyac
430,402,402 UXMAL-MUNICIPIO LIBRE,19.3709452,-99.1587223,Santa Cruz Atoyac
431,403,403 UXMAL-MUNICIPIO LIBRE,19.371371,-99.158639,Santa Cruz Atoyac
432,184,184 GRAL GÓMEZ PEDRAZA-GOBERNADOR TIBURCIO M,19.41479,-99.18508,San Miguel Chapultepec 
433,185,185 GRAL ANTONIO LÉON-GRAL PEDRO A DE LOS S.,19.4128,-99.1828,San Miguel Chapultepec 
434,186,186 GREGORIO V GELATI-FRANCISCO MOLINOS DEL C,19.4124291,-99.1885117,San Miguel Chapultepec 
435,187,187 GENERAL CANO-GOBERNADOR GREGORIO V GELATI,19.41123,-99.18551,San Miguel Chapultepec 
436,188,188 GDOR MELCHOR MÚZQUIZ-GDOR IGNACIO ESTEVA ,19.41171,-99.19014,San Miguel Chapultepec 
437,189,189 GDOR RAFAEL REBOLLAR-GDOR JOSÉ CEBALLOS,19.41004,-99.18798,San Miguel Chapultepec 
438,190,E190 GDOR IGNACIO ESTEVA-MTRO JOSÉ VASCONCELOS,19.409569,-99.183833,San Miguel Chapultepec 
439,191,191 GDOR RAFAEL REBOLLAR-GDOR VICENTE EGUIA,19.4079,-99.18795,San Miguel Chapultepec 
440,258,258 CIRCUITO INTERIOR-JUAN ESCUTIA ,19.4167,-99.1791,San Miguel Chapultepec 
441,352,352 TINTORETO-GIORGINE,19.384114,-99.185447,Santa María Nonoalco
442,364,364 BOTICHELLI-CDA. DE GIORGONE,19.383063,-99.185858,Santa María Nonoalco
443,365,365 HOLBEIN-AVENIDA REVOLUCIÓN,19.381117,-99.186687,Santa María Nonoalco
444,351,351 CALLE 27-AVENIDA REVOLUCIÓN,19.385751,-99.186297,San Pedro de los Pinos
445,328,328 AVENIDA 1-CALLE 7,19.392586,-99.184742,San Pedro de los Pinos
446,329,329 CALLE 13-AVENIDA 1,19.390306,-99.184812,San Pedro de los Pinos
447,330,330 CALLE 15-AVENIDA PATRIOTISMO,19.389358,-99.182606,San Pedro de los Pinos
448,331,331 AVENIDA 2-CALLE 17,19.388547,-99.183971,San Pedro de los Pinos
449,332,332 SUR DE CALLE 27-AVENIDA 3,19.385508,-99.183809,San Pedro de los Pinos
450,288,288 11 DE ABRIL-AVENIDA 2,19.396333,-99.183575,San Pedro de los Pinos
451,310,310 CALLE 1-AV. PATRIOTISMO,19.395319,-99.181733,San Pedro de los Pinos
452,311,311 CALLE 5-AVENIDA REVOLUCIÓN,19.393665,-99.185391,San Pedro de los Pinos
453,312,312 AVENIDA 2-CALLE 7,19.392634,-99.183737,San Pedro de los Pinos
454,263,263 SADI CARNOT-GÓMEZ FARIAS ,19.436274,-99.158425,San Rafael
455,160,E160 ALFONSO HERRERA-GABINO BARRERA,19.44025,-99.16346,San Rafael
456,254,254 ALFONSO HERRERA-MIGUEL SHULTZ ,19.43935,-99.16007,San Rafael
457,255,255 JOSE ROSAS MORENO-GUILLERMO PRIETO ,19.437159,-99.161808,San Rafael
458,256,256 GÓMEZ FARÍAS-SADI CARNOT ,19.4372,-99.15816,San Rafael
459,183,183 GABINO BARRERA-GUILLERMO PRIETO,19.43767,-99.16402,San Rafael
460,174,174 JOAQUÍN GARCIA-IGNACIO MANUEL ALTAMIRANO,19.44111,-99.16164,San Rafael
461,111,111 GUILLERMO PRIETO-JOAQUÍN VELÁZQUEZ DE LEÓN,19.4382369,-99.1659465,San Rafael
462,103,103 JOAQUÍN VELÁZQUEZ DE LEÓN-GARCÍA ICAZBALCETA,19.441669,-99.165217,San Rafael
463,85,85 ROSAS MORENO-SULLIVAN,19.43425,-99.162508,San Rafael
464,86,86 SULLIVAN-INSURGENTES,19.432378,-99.159077,San Rafael
465,41,41 REFORMA-AV. DE LA REPUBLICA,19.435637,-99.150137,Tabacalera
466,10,10 REFORMA-RAMIREZ,19.433321,-99.154752,Tabacalera
467,270,270 DE LA REPUBLICA-PONCIANO ARRIAGA ,19.43676,-99.15387,Tabacalera
468,259,259 TÓMAS ALVA EDISON-PONCIANO ARRIAGA ,19.43757,-99.15468,Tabacalera
469,450,450 RAMOS ARIZPE-PUENTE DE ALVARADO,19.43836,-99.152226,Tabacalera
470,392,392 PATRICIO SANZ-FELIX CUEVAS,19.3730067,-99.1747749,Tlacoquemecatl
471,389,389 SANTANDER-FELIX CUEVAS,19.373528,-99.179356,Tlacoquemecatl
472,390,390 OSO-FELIX CUEVAS,19.373228,-99.17826,Tlacoquemecatl
473,370,370 TLACOQUEMECATL-AV. INSURGENTES,19.378818,-99.177054,Tlacoquemecatl
474,371,371 TLACOQUEMECATL-CAPULIN,19.378542,-99.174328,Tlacoquemecatl
475,380,380 MORAS-SAN LORENZO,19.374876,-99.173512,Tlacoquemecatl
476,440,440 REAL DE MAYORAZGO-PUENTE XOCO,19.36065,-99.168669,Xoco
477,441,441 PUENTE XOCO-REAL DE MAYORAZGO,19.361215,-99.167527,Xoco
478,442,442 REAL DE MAYORAZGO-AVENIDA MÉXICO-COYOACAN,19.359905,-99.1653,Xoco
479,426,426 CERRADA DE POPOCATEPETL-AV. POPOCATEPETL EJE 8,19.365519,-99.166017,Xoco
